"","videoId","textDisplay","textOriginal","authorDisplayName","authorProfileImageUrl","authorChannelUrl","authorChannelId.value","canRate","viewerRating","commentLikeCount","commentPublishedAt","commentUpdatedAt","commentId","parentId","moderationStatus","videoPublishedAt","videoTitle","videoChannelTitle"
"1","BbxWJPYB4_0","Thanks Dean!  Love this workout.  Keep doing what you do.  It&#39;s appreciated.","Thanks Dean!  Love this workout.  Keep doing what you do.  It's appreciated.","Ericsurf6","https://yt3.ggpht.com/a/AATXAJw0CUmSYm935M1eRZBDO45L4Q-h6t06ISpR9Q=s48-c-k-c0xffffffff-no-rj-mo","http://www.youtube.com/channel/UCYraBfUqw2O6qeNYRowX4UA","UCYraBfUqw2O6qeNYRowX4UA","TRUE","none","0","2020-06-06T12:16:39Z","2020-06-06T12:16:39Z","UgwLWG0bK01DDMsuV4R4AaABAg",NA,NA,2020-05-27 18:30:00,"Back Workout for Pain Relief and Prevention | Bulletproof Your Back! | #yogaformen","Man Flow Yoga"
"2","BbxWJPYB4_0","I love you explanations and your motivation. Good norming wake-up! From a french guy from France. Congrats for keeping us in good health.","I love you explanations and your motivation. Good norming wake-up! From a french guy from France. Congrats for keeping us in good health.","Philippe Belbeze","https://yt3.ggpht.com/a/AATXAJyl2h9mENpDpxUb6-tlbgGInAcWyHffuyv0EA=s48-c-k-c0xffffffff-no-rj-mo","http://www.youtube.com/channel/UCOj0C7WgWHfF9_pI2yZS2-A","UCOj0C7WgWHfF9_pI2yZS2-A","TRUE","none","0","2020-05-30T08:05:22Z","2020-05-30T08:05:22Z","Ugx1cHOShc_oIeeQL3N4AaABAg",NA,NA,2020-05-27 18:30:00,"Back Workout for Pain Relief and Prevention | Bulletproof Your Back! | #yogaformen","Man Flow Yoga"
"3","BbxWJPYB4_0","This one is a perfect Friday evening workout especially when you are in mood for few beers and some sushi rolls. Thanks Dean for motivation.","This one is a perfect Friday evening workout especially when you are in mood for few beers and some sushi rolls. Thanks Dean for motivation.","Nirmal Pant","https://yt3.ggpht.com/a/AATXAJyNPMOLO22085rCufh4n_rcUjQ4fhI4HDfJpw=s48-c-k-c0xffffffff-no-rj-mo","http://www.youtube.com/channel/UC4Dx3nmw0iKV-xymUc_-iWA","UC4Dx3nmw0iKV-xymUc_-iWA","TRUE","none","0","2020-05-29T22:19:54Z","2020-05-29T22:19:54Z","UgwGX-Xfyrr-hjd17f14AaABAg",NA,NA,2020-05-27 18:30:00,"Back Workout for Pain Relief and Prevention | Bulletproof Your Back! | #yogaformen","Man Flow Yoga"
"4","BbxWJPYB4_0","Really needed this today bro. Thanks! I went to the chiropractor yesterday and they scared me and said they can fix my lower back issues for the low low cost of $4600. <U+0001F926><U+0001F3FD><U+200D><U+2642><U+FE0F>","Really needed this today bro. Thanks! I went to the chiropractor yesterday and they scared me and said they can fix my lower back issues for the low low cost of $4600. <U+0001F926><U+0001F3FD><U+200D><U+2642><U+FE0F>","Julian McClurkin","https://yt3.ggpht.com/a/AATXAJzCK6-irF6BfMHtL2KAlWuAXt0dYpUhsa6FKw=s48-c-k-c0xffffffff-no-rj-mo","http://www.youtube.com/channel/UCFztKnDfOrfTsI6mNXffSMw","UCFztKnDfOrfTsI6mNXffSMw","TRUE","none","0","2020-05-29T11:08:10Z","2020-05-29T11:08:10Z","UgyO9U0iVgaJJq-aKJl4AaABAg",NA,NA,2020-05-27 18:30:00,"Back Workout for Pain Relief and Prevention | Bulletproof Your Back! | #yogaformen","Man Flow Yoga"
"5","BbxWJPYB4_0","This really helped loosen my hips up. Feel stronger too. Thank you.","This really helped loosen my hips up. Feel stronger too. Thank you.","Michael Bromby","https://yt3.ggpht.com/a/AATXAJytJJ37P505Z8exoicfCqWVIPmUlCOgikscyw=s48-c-k-c0xffffffff-no-rj-mo","http://www.youtube.com/channel/UC4xzDuBJDC26949Gsem8YNQ","UC4xzDuBJDC26949Gsem8YNQ","TRUE","none","0","2020-05-29T05:12:50Z","2020-05-29T05:12:50Z","UgxUeyG6MGivjfXev7Z4AaABAg",NA,NA,2020-05-27 18:30:00,"Back Workout for Pain Relief and Prevention | Bulletproof Your Back! | #yogaformen","Man Flow Yoga"
"6","BbxWJPYB4_0","Great video. Thanks","Great video. Thanks","SAMUEL Padilla","https://yt3.ggpht.com/a/AATXAJwNnm3-NCpMgLmliUWsCelrBFlCE13UslzP=s48-c-k-c0xffffffff-no-rj-mo","http://www.youtube.com/channel/UCoczQdTCBX0zlJk1QuYxQkQ","UCoczQdTCBX0zlJk1QuYxQkQ","TRUE","none","0","2020-05-28T18:55:07Z","2020-05-28T18:55:07Z","UgwCu7iBAMdrx-BAUyh4AaABAg",NA,NA,2020-05-27 18:30:00,"Back Workout for Pain Relief and Prevention | Bulletproof Your Back! | #yogaformen","Man Flow Yoga"
"7","BbxWJPYB4_0","Hey, do you have the same for knees? i have a painful since I&#39;ve started running though i do pre-run stretching and post-run stretching etc.","Hey, do you have the same for knees? i have a painful since I've started running though i do pre-run stretching and post-run stretching etc.","ItsVespucci","https://yt3.ggpht.com/a/AATXAJxUhqJTJpu1_eiA0ZUnlfZgiv42CboBvW5NUA=s48-c-k-c0xffffffff-no-rj-mo","http://www.youtube.com/channel/UC5Wu-0PvNxD6aIO6TsRXYsQ","UC5Wu-0PvNxD6aIO6TsRXYsQ","TRUE","none","0","2020-05-28T12:26:27Z","2020-05-28T12:26:27Z","Ugx0TCkIJtRBvPVwOpR4AaABAg",NA,NA,2020-05-27 18:30:00,"Back Workout for Pain Relief and Prevention | Bulletproof Your Back! | #yogaformen","Man Flow Yoga"
"8","BbxWJPYB4_0","Hey Dean, how many weeks does the original Strength Foundations last for ? I somehow missed the challenge you had running over the last six weeks.","Hey Dean, how many weeks does the original Strength Foundations last for ? I somehow missed the challenge you had running over the last six weeks.","Hello World","https://yt3.ggpht.com/a/AATXAJx_Ory5aiKoDE3QPIWcmfogn7rrfot6vR9zwg=s48-c-k-c0xffffffff-no-rj-mo","http://www.youtube.com/channel/UCzNTY2nIZ3S9EeZseiNqG4g","UCzNTY2nIZ3S9EeZseiNqG4g","TRUE","none","1","2020-05-27T21:43:13Z","2020-05-27T21:43:13Z","Ugw8qNnz4RkvIdENnXZ4AaABAg",NA,NA,2020-05-27 18:30:00,"Back Workout for Pain Relief and Prevention | Bulletproof Your Back! | #yogaformen","Man Flow Yoga"
"9","BbxWJPYB4_0","Thanks. I suffer from low back pain.","Thanks. I suffer from low back pain.","ally","https://yt3.ggpht.com/a/AATXAJyMUEU93YCAeb78_0bBN48dnT_qIhSFotCwbQ=s48-c-k-c0xffffffff-no-rj-mo","http://www.youtube.com/channel/UCxsZW0rvEX472D-9BcuOAHg","UCxsZW0rvEX472D-9BcuOAHg","TRUE","none","0","2020-05-27T19:04:45Z","2020-05-27T19:04:45Z","Ugx8nYo0Banp3Os1k1J4AaABAg",NA,NA,2020-05-27 18:30:00,"Back Workout for Pain Relief and Prevention | Bulletproof Your Back! | #yogaformen","Man Flow Yoga"
"10","BbxWJPYB4_0","Thank you.","Thank you.","James Maury","https://yt3.ggpht.com/a/AATXAJwuyTqeF-b3YqY2h0bbau_EDHCISUyKyimIYg=s48-c-k-c0xffffffff-no-rj-mo","http://www.youtube.com/channel/UCYDZBbs2Le8uBKEzNytAfcw","UCYDZBbs2Le8uBKEzNytAfcw","TRUE","none","1","2020-05-27T18:56:04Z","2020-05-27T18:56:04Z","UgydIl564ktJB3HQuLd4AaABAg",NA,NA,2020-05-27 18:30:00,"Back Workout for Pain Relief and Prevention | Bulletproof Your Back! | #yogaformen","Man Flow Yoga"
"11","BbxWJPYB4_0","@Logan Gomez the workouts are not there, strength foundations has 15 workouts and the strength foundations second plan is 30 total.","@Logan Gomez the workouts are not there, strength foundations has 15 workouts and the strength foundations second plan is 30 total.","Hello World","https://yt3.ggpht.com/a/AATXAJx_Ory5aiKoDE3QPIWcmfogn7rrfot6vR9zwg=s48-c-k-c0xffffffff-no-rj-mo","http://www.youtube.com/channel/UCzNTY2nIZ3S9EeZseiNqG4g","UCzNTY2nIZ3S9EeZseiNqG4g","TRUE","none","0","2020-05-29T03:00:14Z","2020-05-29T03:00:14Z","Ugw8qNnz4RkvIdENnXZ4AaABAg.99AjyD5yBzE99Dt232Jco-","Ugw8qNnz4RkvIdENnXZ4AaABAg",NA,2020-05-27 18:30:00,"Back Workout for Pain Relief and Prevention | Bulletproof Your Back! | #yogaformen","Man Flow Yoga"
"12","BbxWJPYB4_0","You can find them all on youtube.","You can find them all on youtube.","Logan Gomez","https://yt3.ggpht.com/a/AATXAJx2bIPJ-gvVuZh-QnQeqz64boLwYc1iWp0VCg=s48-c-k-c0xffffffff-no-rj-mo","http://www.youtube.com/channel/UCGJs_DsAlcR3HTT4lFEF5AA","UCGJs_DsAlcR3HTT4lFEF5AA","TRUE","none","0","2020-05-29T02:47:48Z","2020-05-29T02:47:48Z","Ugw8qNnz4RkvIdENnXZ4AaABAg.99AjyD5yBzE99Drbv_KnGl","Ugw8qNnz4RkvIdENnXZ4AaABAg",NA,2020-05-27 18:30:00,"Back Workout for Pain Relief and Prevention | Bulletproof Your Back! | #yogaformen","Man Flow Yoga"
"13","IEu9OPygLkU","Thanks Dean. Brooke my collar bone years ago and through the years I&#39;ve gradually developed shoulder pain. This really helped.","Thanks Dean. Brooke my collar bone years ago and through the years I've gradually developed shoulder pain. This really helped.","Michael Bromby","https://yt3.ggpht.com/a/AATXAJytJJ37P505Z8exoicfCqWVIPmUlCOgikscyw=s48-c-k-c0xffffffff-no-rj-mo","http://www.youtube.com/channel/UC4xzDuBJDC26949Gsem8YNQ","UC4xzDuBJDC26949Gsem8YNQ","TRUE","none","0","2020-06-02T03:03:58Z","2020-06-02T03:03:58Z","UgwsvbMIg5twe4SueMV4AaABAg",NA,NA,2020-05-23 14:30:01,"Amazing Shoulder Exercises | Bulletproof Your Shoulders | #yogaformen","Man Flow Yoga"
"14","IEu9OPygLkU","I&#39;m ordering the foam roller NOW!!!!","I'm ordering the foam roller NOW!!!!","JAVRIEL MAESTRE","https://yt3.ggpht.com/a/AATXAJxbPiX2nreyoAtvjhdCeV26vz4AJUxwlZWlqg=s48-c-k-c0xffffffff-no-rj-mo","http://www.youtube.com/channel/UCIvtTfV0_dhzi_IPJbiOCHA","UCIvtTfV0_dhzi_IPJbiOCHA","TRUE","none","0","2020-05-30T03:30:04Z","2020-05-30T03:30:04Z","UgznOJ6rtU1ZSe1pJ2F4AaABAg",NA,NA,2020-05-23 14:30:01,"Amazing Shoulder Exercises | Bulletproof Your Shoulders | #yogaformen","Man Flow Yoga"
"15","IEu9OPygLkU","When i put my foam roller under my back cant do exercises because my head hasnt got support..can i lean my head on foam roller?","When i put my foam roller under my back cant do exercises because my head hasnt got support..can i lean my head on foam roller?","Antonella Micheli","https://yt3.ggpht.com/a/AATXAJzlcs1kYba-uvagr5-uBLCbAst1atXriL8Gkw=s48-c-k-c0xffffffff-no-rj-mo","http://www.youtube.com/channel/UCIO-3FuykvfPny-6VUW9PbA","UCIO-3FuykvfPny-6VUW9PbA","TRUE","none","0","2020-05-27T08:48:55Z","2020-05-27T08:48:55Z","UgxB7vB6JmOJJrOD36p4AaABAg",NA,NA,2020-05-23 14:30:01,"Amazing Shoulder Exercises | Bulletproof Your Shoulders | #yogaformen","Man Flow Yoga"
"16","IEu9OPygLkU","<a href=""https://www.youtube.com/watch?v=IEu9OPygLkU&amp;t=16m09s"">16:09</a> <U+0001F618><U+0001F618><U+0001F618>","16:09 <U+0001F618><U+0001F618><U+0001F618>","Kyle","https://yt3.ggpht.com/a/AATXAJyTReVjBgZBdL2dkmZbqUDFUZyGLlvSn5SRUVGdaQ=s48-c-k-c0xffffffff-no-rj-mo","http://www.youtube.com/channel/UCRCNIsD6Z81mZ-nI9KKEZ8Q","UCRCNIsD6Z81mZ-nI9KKEZ8Q","TRUE","none","0","2020-05-25T18:37:05Z","2020-05-25T18:37:05Z","Ugx-vHb3kGNENzQwxtJ4AaABAg",NA,NA,2020-05-23 14:30:01,"Amazing Shoulder Exercises | Bulletproof Your Shoulders | #yogaformen","Man Flow Yoga"
"17","IEu9OPygLkU","Dick wittington would be proud i&#39;m sure","Dick wittington would be proud i'm sure","Tracy Yates","https://yt3.ggpht.com/a/AATXAJw1_J3Yl2coCEZepeZKgICJS6ncHy8lQVhGCA=s48-c-k-c0xffffffff-no-rj-mo","http://www.youtube.com/channel/UCQct-p2WG1IghazqoHS-Ncg","UCQct-p2WG1IghazqoHS-Ncg","TRUE","none","0","2020-05-24T19:31:38Z","2020-05-24T19:31:38Z","Ugza6-mPJkNjUCCat3h4AaABAg",NA,NA,2020-05-23 14:30:01,"Amazing Shoulder Exercises | Bulletproof Your Shoulders | #yogaformen","Man Flow Yoga"
"18","IEu9OPygLkU","So relaxing, you put the dog asleep","So relaxing, you put the dog asleep","falt007","https://yt3.ggpht.com/a/AATXAJzwh7hW07TFt2tfoKSO7uQZqPtIntF41Z1tIQ=s48-c-k-c0xffffffff-no-rj-mo","http://www.youtube.com/channel/UCAdfxIEpG-jtvPhuNY_NHBQ","UCAdfxIEpG-jtvPhuNY_NHBQ","TRUE","none","2","2020-05-24T14:38:38Z","2020-05-24T14:38:38Z","Ugz_yWhyC5ajOyQIRch4AaABAg",NA,NA,2020-05-23 14:30:01,"Amazing Shoulder Exercises | Bulletproof Your Shoulders | #yogaformen","Man Flow Yoga"
"19","IEu9OPygLkU","This is wonderful I tried it and found it fantastic. I had a spot in left subscapular area which was hurting at times and it’s much better now","This is wonderful I tried it and found it fantastic. I had a spot in left subscapular area which was hurting at times and it’s much better now","TheAmurtaza","https://yt3.ggpht.com/a/AATXAJw_X23s8DKM8u4W4ZEyXgIWY_-oqXOPghwVtQ=s48-c-k-c0xffffffff-no-rj-mo","http://www.youtube.com/channel/UC83p6vnLyVbdj4hREranibw","UC83p6vnLyVbdj4hREranibw","TRUE","none","0","2020-05-24T11:54:57Z","2020-05-24T11:54:57Z","Ugy7stCvgF3zJQWp_K14AaABAg",NA,NA,2020-05-23 14:30:01,"Amazing Shoulder Exercises | Bulletproof Your Shoulders | #yogaformen","Man Flow Yoga"
"20","IEu9OPygLkU","Fantastic...really good for my upper back... thanku","Fantastic...really good for my upper back... thanku","Antonella Micheli","https://yt3.ggpht.com/a/AATXAJzlcs1kYba-uvagr5-uBLCbAst1atXriL8Gkw=s48-c-k-c0xffffffff-no-rj-mo","http://www.youtube.com/channel/UCIO-3FuykvfPny-6VUW9PbA","UCIO-3FuykvfPny-6VUW9PbA","TRUE","none","0","2020-05-24T08:30:16Z","2020-05-24T08:30:16Z","Ugwi46XNsWO6hZ8Ax694AaABAg",NA,NA,2020-05-23 14:30:01,"Amazing Shoulder Exercises | Bulletproof Your Shoulders | #yogaformen","Man Flow Yoga"
"21","IEu9OPygLkU","Did anyone noticed the dog??","Did anyone noticed the dog??","Arzoo Arora","https://yt3.ggpht.com/a/AATXAJz0EyuBexsXNgJz0SYwFQsMDi16r0FTRUUyvQ=s48-c-k-c0xffffffff-no-rj-mo","http://www.youtube.com/channel/UC8YHviHE1o6ys0AMmATUSMg","UC8YHviHE1o6ys0AMmATUSMg","TRUE","none","2","2020-05-23T19:50:19Z","2020-05-23T19:50:19Z","Ugw_uLkQkzWbx7BNK4t4AaABAg",NA,NA,2020-05-23 14:30:01,"Amazing Shoulder Exercises | Bulletproof Your Shoulders | #yogaformen","Man Flow Yoga"
"22","IEu9OPygLkU","Didn&#39;t notice the dog till u said something <U+0001F606>","Didn't notice the dog till u said something <U+0001F606>","Logan Gomez","https://yt3.ggpht.com/a/AATXAJx2bIPJ-gvVuZh-QnQeqz64boLwYc1iWp0VCg=s48-c-k-c0xffffffff-no-rj-mo","http://www.youtube.com/channel/UCGJs_DsAlcR3HTT4lFEF5AA","UCGJs_DsAlcR3HTT4lFEF5AA","TRUE","none","0","2020-05-26T01:13:41Z","2020-05-26T01:13:41Z","Ugz_yWhyC5ajOyQIRch4AaABAg.992FzrCG1-Z995ySzuBsTe","Ugz_yWhyC5ajOyQIRch4AaABAg",NA,2020-05-23 14:30:01,"Amazing Shoulder Exercises | Bulletproof Your Shoulders | #yogaformen","Man Flow Yoga"
"23","IEu9OPygLkU","CUTE DOG!","CUTE DOG!","Antonella Micheli","https://yt3.ggpht.com/a/AATXAJzlcs1kYba-uvagr5-uBLCbAst1atXriL8Gkw=s48-c-k-c0xffffffff-no-rj-mo","http://www.youtube.com/channel/UCIO-3FuykvfPny-6VUW9PbA","UCIO-3FuykvfPny-6VUW9PbA","TRUE","none","0","2020-05-24T08:30:38Z","2020-05-24T08:30:38Z","Ugw_uLkQkzWbx7BNK4t4AaABAg.990ErlYuF_Q991asbIZ9mA","Ugw_uLkQkzWbx7BNK4t4AaABAg",NA,2020-05-23 14:30:01,"Amazing Shoulder Exercises | Bulletproof Your Shoulders | #yogaformen","Man Flow Yoga"
"24","iCWuCJmyou0","I m healing every day doing your yoga postures, thank you so much","I m healing every day doing your yoga postures, thank you so much","Rashmi Keyal","https://yt3.ggpht.com/a/AATXAJzRt8qlcyh6_4ctYRzsqBOEvxO4Ti7YOk7CmA=s48-c-k-c0xffffffff-no-rj-mo","http://www.youtube.com/channel/UCA4euqcv9gHghTBWXzcdZsQ","UCA4euqcv9gHghTBWXzcdZsQ","TRUE","none","0","2020-06-09T12:22:19Z","2020-06-09T12:22:19Z","UgyHyUJQtrhctdZ4Jcd4AaABAg",NA,NA,2020-05-19 18:30:11,"Sciatica Stretches for Pain Relief and Prevention | Yoga for Sciatic Nerve Pain","Man Flow Yoga"
"25","iCWuCJmyou0","Thank you.","Thank you.","J R","https://yt3.ggpht.com/a/AATXAJzPayC5H-ip-2l3P9P9U3JCif0vXDhaUTpXIg=s48-c-k-c0xffffffff-no-rj-mo","http://www.youtube.com/channel/UCU1kbg6w4cYQY7yGDkDYokg","UCU1kbg6w4cYQY7yGDkDYokg","TRUE","none","1","2020-05-26T21:16:18Z","2020-05-26T21:16:18Z","UgyFsnXXtmqyihA8Hph4AaABAg",NA,NA,2020-05-19 18:30:11,"Sciatica Stretches for Pain Relief and Prevention | Yoga for Sciatic Nerve Pain","Man Flow Yoga"
"26","iCWuCJmyou0","Great video. It helped a lot","Great video. It helped a lot","Samuel Padilla","https://yt3.ggpht.com/a/AATXAJxYCFfHGWT-sul5YgGDwDF72nfgYl397_RI2w=s48-c-k-c0xffffffff-no-rj-mo","http://www.youtube.com/channel/UCw5rDQdsedP2--r4gITZvew","UCw5rDQdsedP2--r4gITZvew","TRUE","none","0","2020-05-25T20:59:43Z","2020-05-25T20:59:43Z","Ugz8wRDGtbJ4AVv4PPx4AaABAg",NA,NA,2020-05-19 18:30:11,"Sciatica Stretches for Pain Relief and Prevention | Yoga for Sciatic Nerve Pain","Man Flow Yoga"
"27","iCWuCJmyou0","ermagerd- I have been healed! Thank you","ermagerd- I have been healed! Thank you","Dokta Black","https://yt3.ggpht.com/a/AATXAJyRmsqUu0V_WTsDLb5Nnjw52q5Oy8H5U7zhKA=s48-c-k-c0xffffffff-no-rj-mo","http://www.youtube.com/channel/UCWu-Jj2Z6lrIriwb30L4U7Q","UCWu-Jj2Z6lrIriwb30L4U7Q","TRUE","none","1","2020-05-20T08:47:57Z","2020-05-20T08:47:57Z","UgwwbJHu--Enla2AmZV4AaABAg",NA,NA,2020-05-19 18:30:11,"Sciatica Stretches for Pain Relief and Prevention | Yoga for Sciatic Nerve Pain","Man Flow Yoga"
"28","iCWuCJmyou0","Thanks Dean.  Great workout.  I am always conscious of sciatica problems and I believe this workout will do good for me.","Thanks Dean.  Great workout.  I am always conscious of sciatica problems and I believe this workout will do good for me.","WM Lam","https://yt3.ggpht.com/a/AATXAJz2d8CS7kXyfHPbIKoncEr3nVfNjSq_s7Ihlg=s48-c-k-c0xffffffff-no-rj-mo","http://www.youtube.com/channel/UCC-s4tuODdnBQ9sIm8UYyzg","UCC-s4tuODdnBQ9sIm8UYyzg","TRUE","none","1","2020-05-20T08:46:46Z","2020-05-20T08:46:46Z","UgyEAYALjcjYEGjp_RF4AaABAg",NA,NA,2020-05-19 18:30:11,"Sciatica Stretches for Pain Relief and Prevention | Yoga for Sciatic Nerve Pain","Man Flow Yoga"
"29","iCWuCJmyou0","Thank you Dean.","Thank you Dean.","Stefan Suppa","https://yt3.ggpht.com/a/AATXAJyplerYH3qOaBT2FZdNS1OV1xNo036j_dtJpQ=s48-c-k-c0xffffffff-no-rj-mo","http://www.youtube.com/channel/UCJf8KlN4JAMWvX8LDRC-CDg","UCJf8KlN4JAMWvX8LDRC-CDg","TRUE","none","1","2020-05-20T03:32:05Z","2020-05-20T03:32:05Z","UgwOf_RyZEh7JHjXPp14AaABAg",NA,NA,2020-05-19 18:30:11,"Sciatica Stretches for Pain Relief and Prevention | Yoga for Sciatic Nerve Pain","Man Flow Yoga"
"30","iCWuCJmyou0","Thanks for making the videos available. Great instructions/explanations on each movement. Dean, you have done more in a few sessions in helping my flexibility than my physiotherapist did in several years. Thank you.","Thanks for making the videos available. Great instructions/explanations on each movement. Dean, you have done more in a few sessions in helping my flexibility than my physiotherapist did in several years. Thank you.","Michel Vincelette","https://yt3.ggpht.com/a/AATXAJzeHEA5gsuW-JYbT4uQoHEBPQMAylpwiAjY_pLlSA=s48-c-k-c0xffffffff-no-rj-mo","http://www.youtube.com/channel/UCl2Z7dN2tLd2qFPv2zwzYdw","UCl2Z7dN2tLd2qFPv2zwzYdw","TRUE","none","2","2020-05-19T22:15:11Z","2020-05-19T22:15:11Z","UgyJGifK8XOURyQKTat4AaABAg",NA,NA,2020-05-19 18:30:11,"Sciatica Stretches for Pain Relief and Prevention | Yoga for Sciatic Nerve Pain","Man Flow Yoga"
"31","iCWuCJmyou0","how often would one do these stretches?","how often would one do these stretches?","Chris Vasquez","https://yt3.ggpht.com/a/AATXAJxnHodIu-a0XbPTHTqfx-8IMcKkPmlV4tJWQQ=s48-c-k-c0xffffffff-no-rj-mo","http://www.youtube.com/channel/UCjmWW4SG9qK6C2SmCJg8HFw","UCjmWW4SG9qK6C2SmCJg8HFw","TRUE","none","1","2020-05-19T20:47:17Z","2020-05-19T20:47:17Z","UgyA2yR799CwUFLqjmh4AaABAg",NA,NA,2020-05-19 18:30:11,"Sciatica Stretches for Pain Relief and Prevention | Yoga for Sciatic Nerve Pain","Man Flow Yoga"
"32","iCWuCJmyou0","Thank you for making these videos. You&#39;ve been the absolute best yoga instructor for my ankylosing spondylitis. I will absolutely support you in anyway as soon as I can!","Thank you for making these videos. You've been the absolute best yoga instructor for my ankylosing spondylitis. I will absolutely support you in anyway as soon as I can!","gangsterkami1","https://yt3.ggpht.com/a/AATXAJwfZrKrp3aNPtknqs_Wel7g13dDr1yFNc0CRA=s48-c-k-c0xffffffff-no-rj-mo","http://www.youtube.com/channel/UCi0sCzRJUKLBZotDa-ye_mg","UCi0sCzRJUKLBZotDa-ye_mg","TRUE","none","2","2020-05-19T20:23:23Z","2020-05-19T20:23:23Z","Ugz9zsbFn2F57_CgGmV4AaABAg",NA,NA,2020-05-19 18:30:11,"Sciatica Stretches for Pain Relief and Prevention | Yoga for Sciatic Nerve Pain","Man Flow Yoga"
"33","iCWuCJmyou0","Just have to comment that the couch stretch works wonders for the tightness in my hip flexors.  Great content brother Dean! And your dog is literally what I would prefer to be doing these days vs putting in the work from your videos<U+0001F602>!","Just have to comment that the couch stretch works wonders for the tightness in my hip flexors.  Great content brother Dean! And your dog is literally what I would prefer to be doing these days vs putting in the work from your videos<U+0001F602>!","Ahmad Ali","https://yt3.ggpht.com/a/AATXAJxTSNXQNCY0HMybI3RPCpYdZ-prrNoU8Ai9qg=s48-c-k-c0xffffffff-no-rj-mo","http://www.youtube.com/channel/UCkjwsAsJmCpTnh8oT2FoRXQ","UCkjwsAsJmCpTnh8oT2FoRXQ","TRUE","none","3","2020-05-19T19:52:38Z","2020-05-19T19:52:38Z","Ugy3n9D_UalY_BCPr1J4AaABAg",NA,NA,2020-05-19 18:30:11,"Sciatica Stretches for Pain Relief and Prevention | Yoga for Sciatic Nerve Pain","Man Flow Yoga"
"34","iCWuCJmyou0","By that I mean by joining your patreon or whatever you have.","By that I mean by joining your patreon or whatever you have.","gangsterkami1","https://yt3.ggpht.com/a/AATXAJwfZrKrp3aNPtknqs_Wel7g13dDr1yFNc0CRA=s48-c-k-c0xffffffff-no-rj-mo","http://www.youtube.com/channel/UCi0sCzRJUKLBZotDa-ye_mg","UCi0sCzRJUKLBZotDa-ye_mg","TRUE","none","2","2020-05-19T23:26:54Z","2020-05-19T23:26:54Z","Ugz9zsbFn2F57_CgGmV4AaABAg.98r-TXL9ozg98rKTc66Pb9","Ugz9zsbFn2F57_CgGmV4AaABAg",NA,2020-05-19 18:30:11,"Sciatica Stretches for Pain Relief and Prevention | Yoga for Sciatic Nerve Pain","Man Flow Yoga"
"35","rRKPqz7Ka7I","GREAT CONTENT !  <U+0001F44D><U+0001F44D><U+0001F44D>","GREAT CONTENT !  <U+0001F44D><U+0001F44D><U+0001F44D>","F H","https://yt3.ggpht.com/a/AATXAJwItP3cDj21Gz2Ub_9z2V0xpnpIQsFBJl44yg=s48-c-k-c0xffffffff-no-rj-mo","http://www.youtube.com/channel/UCnyl3Yrhq4WZZg5QTHx7VSA","UCnyl3Yrhq4WZZg5QTHx7VSA","TRUE","none","0","2020-06-22T18:18:13Z","2020-06-22T18:18:13Z","UgxbEdV3ebA25qIMkTh4AaABAg",NA,NA,2020-05-15 18:30:11,"10 Minute, Weight Training Warm Up |  Quick Full-Body Routine","Man Flow Yoga"
"36","rRKPqz7Ka7I","Man Flow Yoga = Squeeze your thighs towards each other. Not until Man Flow would I have imagined such a simple movement would be so difficult and beneficial. Merci!!","Man Flow Yoga = Squeeze your thighs towards each other. Not until Man Flow would I have imagined such a simple movement would be so difficult and beneficial. Merci!!","m beaudet","https://yt3.ggpht.com/a/AATXAJzjqwOyi6cSpKO5HayoUdqq8q6qJDYQWGjoSA=s48-c-k-c0xffffffff-no-rj-mo","http://www.youtube.com/channel/UCs6oRnB-xTaIoiI11XpIBVw","UCs6oRnB-xTaIoiI11XpIBVw","TRUE","none","0","2020-06-10T10:58:58Z","2020-06-10T10:58:58Z","UgyP392IsYJoUBUXU0t4AaABAg",NA,NA,2020-05-15 18:30:11,"10 Minute, Weight Training Warm Up |  Quick Full-Body Routine","Man Flow Yoga"
"37","rRKPqz7Ka7I","should workout before or after a meal?","should workout before or after a meal?","syed ubaid","https://yt3.ggpht.com/a/AATXAJyxaOc_iHp6HgRWm9Ww-An0dO0wYlLkbfuIJQ=s48-c-k-c0xffffffff-no-rj-mo","http://www.youtube.com/channel/UC8_GEUBjyXSyljxqiuV6pFg","UC8_GEUBjyXSyljxqiuV6pFg","TRUE","none","0","2020-05-21T09:19:31Z","2020-05-21T09:19:31Z","Ugwwc3iAPmJMNzAxrsZ4AaABAg",NA,NA,2020-05-15 18:30:11,"10 Minute, Weight Training Warm Up |  Quick Full-Body Routine","Man Flow Yoga"
"38","rRKPqz7Ka7I","Love your videos, I&#39;ve learned a lot.  When you squat your knees are well in front of your ankles.  I thought knees were always over or behind knees.  Please clarify.","Love your videos, I've learned a lot.  When you squat your knees are well in front of your ankles.  I thought knees were always over or behind knees.  Please clarify.","joe mitchell","https://yt3.ggpht.com/a/AATXAJxgy6WI-BgMqmhsph6NmjP1RrpJMEGJArNSUA=s48-c-k-c0xffffffff-no-rj-mo","http://www.youtube.com/channel/UCDAa-kPNiBxz34Nyee1J_RQ","UCDAa-kPNiBxz34Nyee1J_RQ","TRUE","none","2","2020-05-15T21:06:08Z","2020-05-15T21:06:08Z","UgzUpTeNTsGffCDfYeF4AaABAg",NA,NA,2020-05-15 18:30:11,"10 Minute, Weight Training Warm Up |  Quick Full-Body Routine","Man Flow Yoga"
"39","rRKPqz7Ka7I","@Man Flow Yoga  thanks <U+0001F642>","@Man Flow Yoga  thanks <U+0001F642>","syed ubaid","https://yt3.ggpht.com/a/AATXAJyxaOc_iHp6HgRWm9Ww-An0dO0wYlLkbfuIJQ=s48-c-k-c0xffffffff-no-rj-mo","http://www.youtube.com/channel/UC8_GEUBjyXSyljxqiuV6pFg","UC8_GEUBjyXSyljxqiuV6pFg","TRUE","none","0","2020-05-21T14:42:31Z","2020-05-21T14:42:31Z","Ugwwc3iAPmJMNzAxrsZ4AaABAg.98uy4uTbx7598vY2ctru38","Ugwwc3iAPmJMNzAxrsZ4AaABAg",NA,2020-05-15 18:30:11,"10 Minute, Weight Training Warm Up |  Quick Full-Body Routine","Man Flow Yoga"
"40","rRKPqz7Ka7I","syed ubaid it both. But lighter before hand.","syed ubaid it both. But lighter before hand.","Man Flow Yoga","https://yt3.ggpht.com/a/AATXAJxyKvexQko9GRiSf1Q01l5lA8k2gvJEpdRV-II_ew=s48-c-k-c0xffffffff-no-rj-mo","http://www.youtube.com/channel/UCjUb0pALtzJwPDu67lkqHdA","UCjUb0pALtzJwPDu67lkqHdA","TRUE","none","1","2020-05-21T14:23:52Z","2020-05-21T14:23:52Z","Ugwwc3iAPmJMNzAxrsZ4AaABAg.98uy4uTbx7598vVv6Wzc0v","Ugwwc3iAPmJMNzAxrsZ4AaABAg",NA,2020-05-15 18:30:11,"10 Minute, Weight Training Warm Up |  Quick Full-Body Routine","Man Flow Yoga"
"41","rRKPqz7Ka7I","Trixiesongzxoxo 2012 I have a blog on diaphragmatic breathing on my website blog  and also an instructional tutorial for that on this YouTube channel","Trixiesongzxoxo 2012 I have a blog on diaphragmatic breathing on my website blog  and also an instructional tutorial for that on this YouTube channel","Man Flow Yoga","https://yt3.ggpht.com/a/AATXAJxyKvexQko9GRiSf1Q01l5lA8k2gvJEpdRV-II_ew=s48-c-k-c0xffffffff-no-rj-mo","http://www.youtube.com/channel/UCjUb0pALtzJwPDu67lkqHdA","UCjUb0pALtzJwPDu67lkqHdA","TRUE","none","1","2020-05-17T13:42:50Z","2020-05-17T13:42:50Z","UgzUpTeNTsGffCDfYeF4AaABAg.98gmB5m6UR-98l823jHhv5","UgzUpTeNTsGffCDfYeF4AaABAg",NA,2020-05-15 18:30:11,"10 Minute, Weight Training Warm Up |  Quick Full-Body Routine","Man Flow Yoga"
"42","rRKPqz7Ka7I","Man Flow Yoga hi can you please do a yoga session with deep belly breathing I really need this to go off of I appreciate it thank you","Man Flow Yoga hi can you please do a yoga session with deep belly breathing I really need this to go off of I appreciate it thank you","Trixiesongzxoxo 2012","https://yt3.ggpht.com/a/AATXAJwnkUiZYbgcMLK4SJR-jp1LnJjz4io1HrdxWg=s48-c-k-c0xffffffff-no-rj-mo","http://www.youtube.com/channel/UC2HYMLAeL9cLylDXkH6kwbQ","UC2HYMLAeL9cLylDXkH6kwbQ","TRUE","none","1","2020-05-16T05:26:34Z","2020-05-16T05:26:34Z","UgzUpTeNTsGffCDfYeF4AaABAg.98gmB5m6UR-98hfSSB-P3F","UgzUpTeNTsGffCDfYeF4AaABAg",NA,2020-05-15 18:30:11,"10 Minute, Weight Training Warm Up |  Quick Full-Body Routine","Man Flow Yoga"
"43","rRKPqz7Ka7I","Important thing is heels should be down and weight should be in the hips (not in knees). If you have adequate ankle mobility your knees will go past your toes.","Important thing is heels should be down and weight should be in the hips (not in knees). If you have adequate ankle mobility your knees will go past your toes.","Man Flow Yoga","https://yt3.ggpht.com/a/AATXAJxyKvexQko9GRiSf1Q01l5lA8k2gvJEpdRV-II_ew=s48-c-k-c0xffffffff-no-rj-mo","http://www.youtube.com/channel/UCjUb0pALtzJwPDu67lkqHdA","UCjUb0pALtzJwPDu67lkqHdA","TRUE","none","2","2020-05-15T21:31:55Z","2020-05-15T21:31:55Z","UgzUpTeNTsGffCDfYeF4AaABAg.98gmB5m6UR-98gp82QUhao","UgzUpTeNTsGffCDfYeF4AaABAg",NA,2020-05-15 18:30:11,"10 Minute, Weight Training Warm Up |  Quick Full-Body Routine","Man Flow Yoga"
"44","op9Xn-W_85c","Good morning Mr Ian,<br /><br /><br />Nice pose to start the class with. I gave up this pose, it is to hard, especially, my lower back.<br /><br />I agree with you, that it is very important, making plans, for the future, to follow your dream.<br />Do not wait to long, with making plans, later is already started. <br /><br />By the way, I love your t-shirt.<br /><br />Namaskar,","Good morning Mr Ian,


Nice pose to start the class with. I gave up this pose, it is to hard, especially, my lower back.

I agree with you, that it is very important, making plans, for the future, to follow your dream.
Do not wait to long, with making plans, later is already started. 

By the way, I love your t-shirt.

Namaskar,","Diana Hebbink","https://yt3.ggpht.com/a/AATXAJzCW_WsydnSTLdXuhZrsQU6HqlTkv3nekBeYg=s48-c-k-c0xffffffff-no-rj-mo","http://www.youtube.com/channel/UC5q67ePDpWbq7VYN4K4jN4A","UC5q67ePDpWbq7VYN4K4jN4A","TRUE","none","0","2020-05-19T01:19:37Z","2020-05-19T01:19:37Z","UgzI0hk5QyOaxZ5cCkJ4AaABAg",NA,NA,2020-05-14 09:01:05,"Yoga for beginners 30 min best, this guy is so funny","JustBreatheYoga With Ian Munday"
"45","op9Xn-W_85c","Hi Diana well done for doing the yoga class your doing great <U+0001F44C><U+0001F44D><U+0001F43E><U+0001F43E>","Hi Diana well done for doing the yoga class your doing great <U+0001F44C><U+0001F44D><U+0001F43E><U+0001F43E>","JustBreatheYoga With Ian Munday","https://yt3.ggpht.com/a/AATXAJzyZStYvHxBabMLtdgJbPTNZMgfC2q3phM9jA=s48-c-k-c0xffffffff-no-rj-mo","http://www.youtube.com/channel/UCzc3vKgnVzG9dNVJ8ELdmFw","UCzc3vKgnVzG9dNVJ8ELdmFw","TRUE","none","0","2020-05-22T07:55:10Z","2020-05-22T07:55:10Z","UgzI0hk5QyOaxZ5cCkJ4AaABAg.98ox_KBYetH98xOE6x_G34","UgzI0hk5QyOaxZ5cCkJ4AaABAg",NA,2020-05-14 09:01:05,"Yoga for beginners 30 min best, this guy is so funny","JustBreatheYoga With Ian Munday"
"46","UC9_5LPsQxM","You should perform the exercises for the duration you tell us to do. so if 45 sec, don&#39;t quit after 20... makes it easier to follow this routine.","You should perform the exercises for the duration you tell us to do. so if 45 sec, don't quit after 20... makes it easier to follow this routine.","Marc Klant","https://yt3.ggpht.com/a/AATXAJzGHdQb5cnQ_VLBY9oZ8y4-SLOTEbvy5AQfDQ=s48-c-k-c0xffffffff-no-rj-mo","http://www.youtube.com/channel/UCBOwfdmMe1d6SOESD7TrG_Q","UCBOwfdmMe1d6SOESD7TrG_Q","TRUE","none","2","2020-05-17T16:05:35Z","2020-05-17T16:05:35Z","UgyOgfmdPbgT-aRNCC14AaABAg",NA,NA,2020-05-12 16:30:03,"The 5 Best Stretches for Runners | Post-Run Stretches to Prevent Injuries | Yoga for Runners","Man Flow Yoga"
"47","UC9_5LPsQxM","Holy game of thrones!!","Holy game of thrones!!","JustinTrojan","https://yt3.ggpht.com/a/AATXAJwg5bMIY7Q5fLln1XtcpK2QEQrxa1WTtuOL1A=s48-c-k-c0xffffffff-no-rj-mo","http://www.youtube.com/channel/UCE60rT6E8qaVGJGIXbk46JQ","UCE60rT6E8qaVGJGIXbk46JQ","TRUE","none","2","2020-05-12T22:34:28Z","2020-05-12T22:34:28Z","Ugwk3RBt5taBZZD0oAt4AaABAg",NA,NA,2020-05-12 16:30:03,"The 5 Best Stretches for Runners | Post-Run Stretches to Prevent Injuries | Yoga for Runners","Man Flow Yoga"
"48","UC9_5LPsQxM","Hi Dean. I bought your book, Yoga for Men, a while ago, I am a competitive runner(58), mainly running 5 and 10K distances. The present crisis has given me the opportunity to perform one of the programmes. I am currently on week 3 of the Athletic Performance programme, getting stronger, really tough. Thanks.","Hi Dean. I bought your book, Yoga for Men, a while ago, I am a competitive runner(58), mainly running 5 and 10K distances. The present crisis has given me the opportunity to perform one of the programmes. I am currently on week 3 of the Athletic Performance programme, getting stronger, really tough. Thanks.","David Smith","https://yt3.ggpht.com/a/AATXAJx_dD3EN3fWKBdzTxPN49ZdsIZn-16yDdLohw=s48-c-k-c0xffffffff-no-rj-mo","http://www.youtube.com/channel/UCKzGHuXb4tjN81HbBdsqxMw","UCKzGHuXb4tjN81HbBdsqxMw","TRUE","none","4","2020-05-12T17:26:57Z","2020-05-12T17:26:57Z","Ugzud9TmUs3hu88y4M54AaABAg",NA,NA,2020-05-12 16:30:03,"The 5 Best Stretches for Runners | Post-Run Stretches to Prevent Injuries | Yoga for Runners","Man Flow Yoga"
"49","UC9_5LPsQxM","Agreed. You could add a timer on the side of the screen. That would make it easier for us to follow. Otherwise thanks for the video","Agreed. You could add a timer on the side of the screen. That would make it easier for us to follow. Otherwise thanks for the video","lombardlam","https://yt3.ggpht.com/a/AATXAJzaoPixqww1P0nZ0EaUrUM0dyVjAs8pZE-Pjg=s48-c-k-c0xffffffff-no-rj-mo","http://www.youtube.com/channel/UCt4ZlA5jYe8OhwfBOT2Glpw","UCt4ZlA5jYe8OhwfBOT2Glpw","TRUE","none","1","2020-06-07T08:22:25Z","2020-06-07T08:22:25Z","UgyOgfmdPbgT-aRNCC14AaABAg.98lONbh3Ti399ad3eMEYQF","UgyOgfmdPbgT-aRNCC14AaABAg",NA,2020-05-12 16:30:03,"The 5 Best Stretches for Runners | Post-Run Stretches to Prevent Injuries | Yoga for Runners","Man Flow Yoga"
"50","keD6si38H9o","Great flow, nice and quick. Enjoyed it today, will do another one tomorrow","Great flow, nice and quick. Enjoyed it today, will do another one tomorrow","Zdenko Kovacik","https://yt3.ggpht.com/a/AATXAJwjNoo6lFyehVNZ4xgas7U0Nvov1MNzGhLXoA=s48-c-k-c0xffffffff-no-rj-mo","http://www.youtube.com/channel/UCClMQHpDSYFMkzwmO7xH25g","UCClMQHpDSYFMkzwmO7xH25g","TRUE","none","0","2020-06-05T07:20:17Z","2020-06-05T07:20:17Z","Ugy2nbRHhoVu2pt5ZR14AaABAg",NA,NA,2020-05-12 05:56:50,"Power Yoga For Beginners | Yoga For Men And Women Who Don&#39;t Normally Do Yoga","Body By Yoga"
"51","keD6si38H9o","Excellent 20 minute workout for when I don&#39;t have time for full 45 minute  workout from Yoga Charge.  Is this going to stay up because I would like to recommend it to family and friends?","Excellent 20 minute workout for when I don't have time for full 45 minute  workout from Yoga Charge.  Is this going to stay up because I would like to recommend it to family and friends?","Thomas Stevenson","https://yt3.ggpht.com/a/AATXAJw-ihuWcMIkSEIWNlKLgahv0Z6QQdM-UDjNeA=s48-c-k-c0xffffffff-no-rj-mo","http://www.youtube.com/channel/UCEwn5jldh8xIf0XkM07-KvQ","UCEwn5jldh8xIf0XkM07-KvQ","TRUE","none","1","2020-05-15T17:12:54Z","2020-05-15T17:12:54Z","Ugy4l1VFTRit8KdZibV4AaABAg",NA,NA,2020-05-12 05:56:50,"Power Yoga For Beginners | Yoga For Men And Women Who Don&#39;t Normally Do Yoga","Body By Yoga"
"52","keD6si38H9o","<U+0001F44D>","<U+0001F44D>","Body By Yoga","https://yt3.ggpht.com/a/AATXAJySUVbHnC3d0HGG8fOr6YEzNit6ykyAAGogHncB=s48-c-k-c0xffffffff-no-rj-mo","http://www.youtube.com/channel/UCSeYaSu21Z2sKHiGiFsaEFQ","UCSeYaSu21Z2sKHiGiFsaEFQ","TRUE","none","0","2020-05-15T17:48:30Z","2020-05-15T17:48:30Z","Ugy4l1VFTRit8KdZibV4AaABAg.98gMUp4eRC098gQZcm0UrJ","Ugy4l1VFTRit8KdZibV4AaABAg",NA,2020-05-12 05:56:50,"Power Yoga For Beginners | Yoga For Men And Women Who Don&#39;t Normally Do Yoga","Body By Yoga"
"53","TWSdjxbprqk","amazing, I loved that. I was totally in from the beginning  too, I  was thankful though- that sun salutations was not all we did  lol!!! I feel  great. Thank you!! &lt;3","amazing, I loved that. I was totally in from the beginning  too, I  was thankful though- that sun salutations was not all we did  lol!!! I feel  great. Thank you!! <3","Amanda Schmidt","https://yt3.ggpht.com/a/AATXAJxp0CB0bwli9PTUDTIe9myh6IDTGg_GVwKmcA=s48-c-k-c0xffffffff-no-rj-mo","http://www.youtube.com/channel/UCSJh7a-kKOdNdMjBC3NIWrg","UCSJh7a-kKOdNdMjBC3NIWrg","TRUE","none","0","2020-06-06T14:10:45Z","2020-06-06T14:10:45Z","Ugwxa8srX78Xamt_x5B4AaABAg",NA,NA,2020-05-02 07:46:44,"Practice Series: 80 Minute Full-Spectrum Super Flow","Chris Chavez"
"54","TWSdjxbprqk","Thank you for sharing love and light <U+0001F64F>","Thank you for sharing love and light <U+0001F64F>","Kathy Kiani","https://yt3.ggpht.com/a/AATXAJzcfXRXBs3jvIiNNvln_fDhx5Gq1cr9kEb9dGJ70g=s48-c-k-c0xffffffff-no-rj-mo","http://www.youtube.com/channel/UCHwEI9F4nFlanTwf5AwA9Fg","UCHwEI9F4nFlanTwf5AwA9Fg","TRUE","none","0","2020-05-26T20:03:25Z","2020-05-26T20:03:25Z","Ugwllg-Ai90vh03e2OR4AaABAg",NA,NA,2020-05-02 07:46:44,"Practice Series: 80 Minute Full-Spectrum Super Flow","Chris Chavez"
"55","TWSdjxbprqk","That was what i needed, thanx a lot <U+0001F64F><U+0001F64F>","That was what i needed, thanx a lot <U+0001F64F><U+0001F64F>","Sükrü Sener Dedeoglu","https://yt3.ggpht.com/a/AATXAJz9AYxKFqBtTQ_f_iie7Dkk33pX3drVDg-Sng=s48-c-k-c0xffffffff-no-rj-mo","http://www.youtube.com/channel/UCgdUgiCHsx_ccw_pBuG8OOA","UCgdUgiCHsx_ccw_pBuG8OOA","TRUE","none","0","2020-05-26T10:39:41Z","2020-05-26T10:39:41Z","UgyDLuZkM-qs8j4oOZV4AaABAg",NA,NA,2020-05-02 07:46:44,"Practice Series: 80 Minute Full-Spectrum Super Flow","Chris Chavez"
"56","TWSdjxbprqk","Awesomeness in abundance. Thank you <U+0001F64F><U+0001F64F><U+0001F64F>","Awesomeness in abundance. Thank you <U+0001F64F><U+0001F64F><U+0001F64F>","kate pierre","https://yt3.ggpht.com/a/AATXAJxe4iHVCmj6y4YTALgrMqUmLvhirChl4iLfLw=s48-c-k-c0xffffffff-no-rj-mo","http://www.youtube.com/channel/UCKXm5q5jMNE5bp-HzGMAw6Q","UCKXm5q5jMNE5bp-HzGMAw6Q","TRUE","none","0","2020-05-12T06:17:08Z","2020-05-12T06:17:08Z","UgxkSweLbVVDRvTGqdl4AaABAg",NA,NA,2020-05-02 07:46:44,"Practice Series: 80 Minute Full-Spectrum Super Flow","Chris Chavez"
"57","TWSdjxbprqk","Loop hoop loop <U+0001F60D> i missed you so much<U+0001F917>i felt amazing during the practice as always.. God bless you..love you.. namaste my dear<U+0001F64F><U+0001F495>","Loop hoop loop <U+0001F60D> i missed you so much<U+0001F917>i felt amazing during the practice as always.. God bless you..love you.. namaste my dear<U+0001F64F><U+0001F495>","Deniz Pelik","https://yt3.ggpht.com/a/AATXAJy_3Qd-qqhNq0yonXj5qbnrOaDUv7QFu9FkfA=s48-c-k-c0xffffffff-no-rj-mo","http://www.youtube.com/channel/UCQFlKqIU-RTdzh5T_zwXdbQ","UCQFlKqIU-RTdzh5T_zwXdbQ","TRUE","none","0","2020-05-03T18:32:34Z","2020-05-03T18:32:34Z","Ugw9dvcWtU8p1BA11dl4AaABAg",NA,NA,2020-05-02 07:46:44,"Practice Series: 80 Minute Full-Spectrum Super Flow","Chris Chavez"
"58","TWSdjxbprqk","Thank you!! I feel calmer and more content after the practice &lt;3 Can&#39;t remember doing so many sun salutations in a row, I was like -- is he serious? Is this all we&#39;re doing for 1.5 hours?! lol! But the arc of the class was so vast, so deepening and grounding by the end, that I could hardly remember them later. Thank you so much!","Thank you!! I feel calmer and more content after the practice <3 Can't remember doing so many sun salutations in a row, I was like -- is he serious? Is this all we're doing for 1.5 hours?! lol! But the arc of the class was so vast, so deepening and grounding by the end, that I could hardly remember them later. Thank you so much!","LaChereDemoiselle","https://yt3.ggpht.com/a/AATXAJwB_RFiYlnxV0y_sL2KCxUOcm1Y7iIhTpm2XA=s48-c-k-c0xffffffff-no-rj-mo","http://www.youtube.com/channel/UCztcbALY3U93iX3c5tW0xEg","UCztcbALY3U93iX3c5tW0xEg","TRUE","none","1","2020-05-03T16:18:48Z","2020-05-03T16:18:48Z","UgzsN0v1VfijVMHO03p4AaABAg",NA,NA,2020-05-02 07:46:44,"Practice Series: 80 Minute Full-Spectrum Super Flow","Chris Chavez"
"59","TWSdjxbprqk","Just what i needed... Thank you Chris! :)","Just what i needed... Thank you Chris! :)","Nergis Gokcen","https://yt3.ggpht.com/a/AATXAJxPfm4ShDEqjF2VbvcejT_qfULS43zfWFvT6w=s48-c-k-c0xffffffff-no-rj-mo","http://www.youtube.com/channel/UCn5mjIHesjDnP8deDZ3CVPg","UCn5mjIHesjDnP8deDZ3CVPg","TRUE","none","0","2020-05-03T15:30:24Z","2020-05-03T15:30:24Z","UgzW18ud1y4YCUnNz_B4AaABAg",NA,NA,2020-05-02 07:46:44,"Practice Series: 80 Minute Full-Spectrum Super Flow","Chris Chavez"
"60","TWSdjxbprqk","love this thank you so much :)","love this thank you so much :)","Anna louise","https://yt3.ggpht.com/a/AATXAJxyCBpIIbS9P7SVmMRZ_jDcUT1YqbBN0HYMnQ=s48-c-k-c0xffffffff-no-rj-mo","http://www.youtube.com/channel/UChA-8m-aeoxl2F012ojEBPA","UChA-8m-aeoxl2F012ojEBPA","TRUE","none","0","2020-05-03T13:19:34Z","2020-05-03T13:19:34Z","UgwNncmmAqs0DJ2x4WR4AaABAg",NA,NA,2020-05-02 07:46:44,"Practice Series: 80 Minute Full-Spectrum Super Flow","Chris Chavez"
"61","TWSdjxbprqk","Thank you Chris. it was great practice &lt;3","Thank you Chris. it was great practice <3","günes arik","https://yt3.ggpht.com/a/AATXAJx5WXERTX9ylyZOJC2Wu00kmTfPCMkOBFTcrw=s48-c-k-c0xffffffff-no-rj-mo","http://www.youtube.com/channel/UCDBi8wEOjsth2JzAN2zNxiw","UCDBi8wEOjsth2JzAN2zNxiw","TRUE","none","0","2020-05-03T11:30:05Z","2020-05-03T11:30:05Z","Ugzr0H0T1dqivZ27QnN4AaABAg",NA,NA,2020-05-02 07:46:44,"Practice Series: 80 Minute Full-Spectrum Super Flow","Chris Chavez"
"62","TWSdjxbprqk","it was great! Thank you so much Chris :) After pandemic, I hope I&#39;ll join your class as soon as possible :) Namaste :)","it was great! Thank you so much Chris :) After pandemic, I hope I'll join your class as soon as possible :) Namaste :)","Ayse Dehen Koçak","https://yt3.ggpht.com/a/AATXAJy36pgpS4qRtfsQPM_7KJ0wRsTGLHbkN2sEug=s48-c-k-c0xffffffff-no-rj-mo","http://www.youtube.com/channel/UC4A9MIZM7g9bKz0piC_Uzwg","UC4A9MIZM7g9bKz0piC_Uzwg","TRUE","none","0","2020-05-03T10:54:07Z","2020-05-03T10:54:07Z","UgxtsVZj1eZptnAQjZh4AaABAg",NA,NA,2020-05-02 07:46:44,"Practice Series: 80 Minute Full-Spectrum Super Flow","Chris Chavez"
"63","TWSdjxbprqk","Yes, felt amazing!","Yes, felt amazing!","joylovebliss","https://yt3.ggpht.com/a/AATXAJyPaYin3YfyKehcGVH3vTuo8OReW4gkdOkOhw=s48-c-k-c0xffffffff-no-rj-mo","http://www.youtube.com/channel/UCPexW9DgOwT46wPBKVO9LDQ","UCPexW9DgOwT46wPBKVO9LDQ","TRUE","none","0","2020-05-02T15:55:47Z","2020-05-02T15:55:47Z","Ugw-Gl_hPsUGU7dipmx4AaABAg",NA,NA,2020-05-02 07:46:44,"Practice Series: 80 Minute Full-Spectrum Super Flow","Chris Chavez"
"64","q-iSRxRh0uE","Just finished this with my husband - we&#39;re fairly new to yoga and found you via Eamon and Bec as she recommends you.  I love your yoga flows.  But oh my! my thighs know about it after holding those warrior poses in this one!","Just finished this with my husband - we're fairly new to yoga and found you via Eamon and Bec as she recommends you.  I love your yoga flows.  But oh my! my thighs know about it after holding those warrior poses in this one!","Catherine Howard","https://yt3.ggpht.com/a/AATXAJzNyOEvOxac7zTAJWZc0au-dC3IlvEiBbMATg=s48-c-k-c0xffffffff-no-rj-mo","http://www.youtube.com/channel/UCPMSvF5HnOgxZwOKzxMerUw","UCPMSvF5HnOgxZwOKzxMerUw","TRUE","none","1","2020-05-15T09:45:49Z","2020-05-15T09:45:49Z","UgwnwKYZ9yBwMHcpE7B4AaABAg",NA,NA,2020-05-02 02:03:24,"YOGA FOR MEN - TIGHT SHOULDERS &amp; TIGHT HIPS - 26 Mins - All Levels","Kirsten Nielsen Yoga"
"65","q-iSRxRh0uE","Okay I have never laughed so much doing yoga!! I did this with my boyfriend and when you said &quot;take a deep breath into your right lung&quot; he went &quot;your RIGHT lung??!  Thats impossible!!!&quot;","Okay I have never laughed so much doing yoga!! I did this with my boyfriend and when you said ""take a deep breath into your right lung"" he went ""your RIGHT lung??!  Thats impossible!!!""","Jess Pollock","https://yt3.ggpht.com/a/AATXAJxeQR1uzuqyW-nS9CP-5kIYmEN9kzt9tS1JvQ=s48-c-k-c0xffffffff-no-rj-mo","http://www.youtube.com/channel/UCGd5K6nImnF9VS7sGs2Dxhw","UCGd5K6nImnF9VS7sGs2Dxhw","TRUE","none","1","2020-05-04T06:04:23Z","2020-05-04T06:04:23Z","Ugwg_p1MXiGgSZttTfF4AaABAg",NA,NA,2020-05-02 02:03:24,"YOGA FOR MEN - TIGHT SHOULDERS &amp; TIGHT HIPS - 26 Mins - All Levels","Kirsten Nielsen Yoga"
"66","q-iSRxRh0uE","So relaxing.. I do sleep meditations myself.. <U+0001F60C>","So relaxing.. I do sleep meditations myself.. <U+0001F60C>","Sleep Meditation Music","https://yt3.ggpht.com/a/AATXAJwcYsURWgU1QLt_BkUMI0v9tSiNphrNCFLsvg=s48-c-k-c0xffffffff-no-rj-mo","http://www.youtube.com/channel/UCrV_VWsvzqb5ZZeewBEJJmw","UCrV_VWsvzqb5ZZeewBEJJmw","TRUE","none","2","2020-05-02T03:00:14Z","2020-05-02T03:00:14Z","UgwssXLHZU_KJJx3ezh4AaABAg",NA,NA,2020-05-02 02:03:24,"YOGA FOR MEN - TIGHT SHOULDERS &amp; TIGHT HIPS - 26 Mins - All Levels","Kirsten Nielsen Yoga"
"67","q-iSRxRh0uE","Catherine Howard Hi Catherine, <br />If you have a look at my Yin &amp; restorative playlist - any of these videos would be good for Mark before bed as they will be calming but still a good stretch. I will also film a specific ‘Yoga before bed’ practice for you though - great idea!","Catherine Howard Hi Catherine, 
If you have a look at my Yin & restorative playlist - any of these videos would be good for Mark before bed as they will be calming but still a good stretch. I will also film a specific ‘Yoga before bed’ practice for you though - great idea!","Kirsten Nielsen Yoga","https://yt3.ggpht.com/a/AATXAJzhwaSkLTd6zuKlKP49UCfhnDPcmPXtj86w3w=s48-c-k-c0xffffffff-no-rj-mo","http://www.youtube.com/channel/UC1L2qILEHfZLjVBUrvYqpJw","UC1L2qILEHfZLjVBUrvYqpJw","TRUE","none","0","2020-05-20T05:38:37Z","2020-05-20T05:38:37Z","UgwnwKYZ9yBwMHcpE7B4AaABAg.98fZKMlj3VI98s-0CD4i9J","UgwnwKYZ9yBwMHcpE7B4AaABAg",NA,2020-05-02 02:03:24,"YOGA FOR MEN - TIGHT SHOULDERS &amp; TIGHT HIPS - 26 Mins - All Levels","Kirsten Nielsen Yoga"
"68","q-iSRxRh0uE","@Kirsten Nielsen Yoga Oh how lovely, thank you.  Mark works at a desk, goes for a fast walk at lunch time, and we spend evenings doing jigsaws etc. He said the other day he&#39;d like to do some stretches before bed as he seizes up during the evening.  Do you have a flow that we could do as a relaxation and prep for sleep?  During lockdown we exercise in the morning before breakfast. &#39;Normally&#39; we exercise in the evening. x","@Kirsten Nielsen Yoga Oh how lovely, thank you.  Mark works at a desk, goes for a fast walk at lunch time, and we spend evenings doing jigsaws etc. He said the other day he'd like to do some stretches before bed as he seizes up during the evening.  Do you have a flow that we could do as a relaxation and prep for sleep?  During lockdown we exercise in the morning before breakfast. 'Normally' we exercise in the evening. x","Catherine Howard","https://yt3.ggpht.com/a/AATXAJzNyOEvOxac7zTAJWZc0au-dC3IlvEiBbMATg=s48-c-k-c0xffffffff-no-rj-mo","http://www.youtube.com/channel/UCPMSvF5HnOgxZwOKzxMerUw","UCPMSvF5HnOgxZwOKzxMerUw","TRUE","none","0","2020-05-18T10:50:18Z","2020-05-18T10:50:18Z","UgwnwKYZ9yBwMHcpE7B4AaABAg.98fZKMlj3VI98nP5IOU5Xx","UgwnwKYZ9yBwMHcpE7B4AaABAg",NA,2020-05-02 02:03:24,"YOGA FOR MEN - TIGHT SHOULDERS &amp; TIGHT HIPS - 26 Mins - All Levels","Kirsten Nielsen Yoga"
"69","q-iSRxRh0uE","Hey Catherine! Aww that’s so amazing you and your husband practiced together, let me know if you have any requests and I can film them for you! Much love x","Hey Catherine! Aww that’s so amazing you and your husband practiced together, let me know if you have any requests and I can film them for you! Much love x","Kirsten Nielsen Yoga","https://yt3.ggpht.com/a/AATXAJzhwaSkLTd6zuKlKP49UCfhnDPcmPXtj86w3w=s48-c-k-c0xffffffff-no-rj-mo","http://www.youtube.com/channel/UC1L2qILEHfZLjVBUrvYqpJw","UC1L2qILEHfZLjVBUrvYqpJw","TRUE","none","0","2020-05-17T07:12:32Z","2020-05-17T07:12:32Z","UgwnwKYZ9yBwMHcpE7B4AaABAg.98fZKMlj3VI98kRNSxh-KL","UgwnwKYZ9yBwMHcpE7B4AaABAg",NA,2020-05-02 02:03:24,"YOGA FOR MEN - TIGHT SHOULDERS &amp; TIGHT HIPS - 26 Mins - All Levels","Kirsten Nielsen Yoga"
"70","q-iSRxRh0uE","Jess Pollock Hahahah that’s so funny!! Aww good on your boyfriend!! I’m so proud!!","Jess Pollock Hahahah that’s so funny!! Aww good on your boyfriend!! I’m so proud!!","Kirsten Nielsen Yoga","https://yt3.ggpht.com/a/AATXAJzhwaSkLTd6zuKlKP49UCfhnDPcmPXtj86w3w=s48-c-k-c0xffffffff-no-rj-mo","http://www.youtube.com/channel/UC1L2qILEHfZLjVBUrvYqpJw","UC1L2qILEHfZLjVBUrvYqpJw","TRUE","none","0","2020-05-06T09:42:40Z","2020-05-06T09:42:40Z","Ugwg_p1MXiGgSZttTfF4AaABAg.98DqEpRj7Nk98JNoQ2ltCw","Ugwg_p1MXiGgSZttTfF4AaABAg",NA,2020-05-02 02:03:24,"YOGA FOR MEN - TIGHT SHOULDERS &amp; TIGHT HIPS - 26 Mins - All Levels","Kirsten Nielsen Yoga"
